scope,domain,outcome,perturbation,flip_rate_A_to_R,flip_rate_A_to_R_ci_low,flip_rate_A_to_R_ci_high,topk_instability,topk_instability_ci_low,topk_instability_ci_high,N,K
overall,ALL,QI,group_BF_to_WM,0.09375,0.0,0.23333333333333334,0.001953125,0.000390625,0.00390625,80.0,8.0
overall,ALL,QI,group_BF_to_WM,0.08333333333333333,0.0,0.19233870967741892,0.0024305555555555565,0.0006944444444444448,0.004861111111111113,80.0,9.0
overall,ALL,QI,group_BF_to_WM,0.15,0.040795918367346945,0.30434782608695654,0.003749999999999999,0.0015624999999999997,0.006562499999999999,80.0,10.0
overall,ALL,QI,group_BF_to_WM,0.09090909090909091,0.018867924528301886,0.2,0.0025568181818181827,0.0008522727272727276,0.004545454545454547,80.0,11.0
overall,ALL,QI,group_BF_to_WM,0.125,0.03125,0.25925925925925924,0.004166666666666668,0.0018229166666666676,0.007031250000000003,80.0,12.0
overall,ALL,QI,group_BF_to_WM,0.1346153846153846,0.043478260869565216,0.26,0.0038461538461538438,0.0016826923076923065,0.006249999999999996,80.0,13.0
overall,ALL,QI,group_BF_to_WM,0.125,0.03636363636363636,0.24444444444444444,0.0033482142857142842,0.0013392857142857136,0.00558035714285714,80.0,14.0
overall,ALL,QI,group_BF_to_WM,0.13333333333333333,0.04937765634486946,0.25,0.0031249999999999993,0.0012499999999999998,0.005416666666666665,80.0,15.0
overall,ALL,QI,group_BF_to_WM,0.109375,0.034482758620689655,0.21311475409836064,0.0025390625,0.0009765625,0.0044921875,80.0,16.0
overall,ALL,QI,group_BF_to_WM,0.11764705882352941,0.039209320091673036,0.2222222222222222,0.002389705882352942,0.0009191176470588237,0.004227941176470589,80.0,17.0
overall,ALL,QI,group_BF_to_WM,0.125,0.0547945205479452,0.22413793103448276,0.002083333333333334,0.0008680555555555559,0.003645833333333335,80.0,18.0
overall,ALL,QI,group_BF_to_WM,0.15789473684210525,0.07446808510638298,0.2727272727272727,0.0034539473684210564,0.0016447368421052648,0.005427631578947374,80.0,19.0
overall,ALL,QI,group_BF_to_WM,0.1875,0.09458267090620033,0.3157894736842105,0.003593750000000003,0.0018750000000000017,0.005625000000000005,80.0,20.0
overall,ALL,QI,institution_HI_to_LI,0.21875,0.05263157894736842,0.4595114345114338,0.004296875,0.001171875,0.008203125,80.0,8.0
overall,ALL,QI,institution_HI_to_LI,0.19444444444444445,0.043478260869565216,0.4081864564007418,0.003819444444444446,0.001041666666666667,0.00729166666666667,80.0,9.0
overall,ALL,QI,institution_HI_to_LI,0.175,0.0605909090909091,0.348866279069767,0.0034374999999999987,0.0012499999999999998,0.005937499999999998,80.0,10.0
overall,ALL,QI,institution_HI_to_LI,0.11363636363636363,0.02702702702702703,0.23687343358395943,0.0025568181818181827,0.0008522727272727276,0.004545454545454547,80.0,11.0
overall,ALL,QI,institution_HI_to_LI,0.08333333333333333,0.01639344262295082,0.18181818181818182,0.002083333333333334,0.0007812500000000004,0.003906250000000002,80.0,12.0
overall,ALL,QI,institution_HI_to_LI,0.1346153846153846,0.045454545454545456,0.25491239048811,0.0028846153846153826,0.0014423076923076913,0.0048076923076923045,80.0,13.0
overall,ALL,QI,institution_HI_to_LI,0.125,0.03773584905660377,0.24646739130434653,0.002901785714285713,0.001116071428571428,0.005133928571428569,80.0,14.0
overall,ALL,QI,institution_HI_to_LI,0.15,0.0625,0.26666666666666666,0.002916666666666666,0.0012499999999999998,0.004999999999999999,80.0,15.0
overall,ALL,QI,institution_HI_to_LI,0.140625,0.058823529411764705,0.25,0.0025390625,0.001171875,0.004296875,80.0,16.0
overall,ALL,QI,institution_HI_to_LI,0.14705882352941177,0.06060606060606061,0.2608695652173913,0.0025735294117647063,0.0011029411764705884,0.004227941176470589,80.0,17.0
overall,ALL,QI,institution_HI_to_LI,0.1388888888888889,0.06059693318729464,0.24489795918367346,0.002604166666666668,0.0013888888888888896,0.003993055555555557,80.0,18.0
overall,ALL,QI,institution_HI_to_LI,0.17105263157894737,0.08333333333333333,0.29731167337550296,0.0032894736842105296,0.0016447368421052648,0.00509868421052632,80.0,19.0
overall,ALL,QI,institution_HI_to_LI,0.2,0.09721102150537635,0.3333333333333333,0.003437500000000003,0.0018750000000000017,0.005312500000000005,80.0,20.0
overall,ALL,QI,bibliometrics_HP_to_LP,0.28125,0.0967741935483871,0.5263157894736842,0.00390625,0.001171875,0.007421875,80.0,8.0
overall,ALL,QI,bibliometrics_HP_to_LP,0.25,0.037037037037037035,0.5,0.0034722222222222238,0.0006944444444444448,0.00729166666666667,80.0,9.0
overall,ALL,QI,bibliometrics_HP_to_LP,0.25,0.06060606060606061,0.48151340996168535,0.0034374999999999987,0.0009374999999999997,0.006874999999999997,80.0,10.0
overall,ALL,QI,bibliometrics_HP_to_LP,0.22727272727272727,0.07017543859649122,0.4375,0.0031250000000000015,0.0008522727272727276,0.005965909090909093,80.0,11.0
overall,ALL,QI,bibliometrics_HP_to_LP,0.2708333333333333,0.11627906976744186,0.4838954056695989,0.003906250000000002,0.0015625000000000007,0.006770833333333337,80.0,12.0
overall,ALL,QI,bibliometrics_HP_to_LP,0.3076923076923077,0.16,0.5,0.004567307692307689,0.002163461538461537,0.007451923076923073,80.0,13.0
overall,ALL,QI,bibliometrics_HP_to_LP,0.30357142857142855,0.16895539906103288,0.46671874999999924,0.0042410714285714265,0.0020089285714285704,0.0066964285714285685,80.0,14.0
overall,ALL,QI,bibliometrics_HP_to_LP,0.21666666666666667,0.0908751696065129,0.3770491803278688,0.002916666666666666,0.0010416666666666664,0.004999999999999999,80.0,15.0
overall,ALL,QI,bibliometrics_HP_to_LP,0.171875,0.05432841614906833,0.3333333333333333,0.002734375,0.0009765625,0.005078125,80.0,16.0
overall,ALL,QI,bibliometrics_HP_to_LP,0.17647058823529413,0.05880925185608224,0.3333333333333333,0.002757352941176471,0.0011029411764705884,0.0049632352941176485,80.0,17.0
overall,ALL,QI,bibliometrics_HP_to_LP,0.1527777777777778,0.05555555555555555,0.2838320463320456,0.002083333333333334,0.0008680555555555559,0.003645833333333335,80.0,18.0
overall,ALL,QI,bibliometrics_HP_to_LP,0.18421052631578946,0.08218616662923871,0.3230769230769231,0.0034539473684210564,0.0018092105263157912,0.005263157894736847,80.0,19.0
overall,ALL,QI,bibliometrics_HP_to_LP,0.2125,0.10587952488687782,0.35898437499999986,0.003593750000000003,0.0018750000000000017,0.005468750000000005,80.0,20.0
overall,ALL,PI,group_BF_to_WM,0.21875,0.05263157894736842,0.48484848484848486,0.003515625,0.001171875,0.006640625,80.0,8.0
overall,ALL,PI,group_BF_to_WM,0.19444444444444445,0.045454545454545456,0.4444444444444444,0.0031250000000000015,0.001041666666666667,0.00590277777777778,80.0,9.0
overall,ALL,PI,group_BF_to_WM,0.225,0.07839366515837105,0.4167151162790691,0.0034374999999999987,0.0012499999999999998,0.005937499999999999,80.0,10.0
overall,ALL,PI,group_BF_to_WM,0.11363636363636363,0.0,0.2647208883553419,0.0017045454545454551,0.0002840909090909092,0.003693181818181819,80.0,11.0
overall,ALL,PI,group_BF_to_WM,0.14583333333333334,0.037037037037037035,0.28205128205128205,0.002604166666666668,0.0007812500000000004,0.004687500000000002,80.0,12.0
overall,ALL,PI,group_BF_to_WM,0.1346153846153846,0.03125,0.2857142857142857,0.0024038461538461522,0.0009615384615384609,0.004326923076923074,80.0,13.0
overall,ALL,PI,group_BF_to_WM,0.14285714285714285,0.044436274509803926,0.2623166522864535,0.002901785714285713,0.001116071428571428,0.004910714285714284,80.0,14.0
overall,ALL,PI,group_BF_to_WM,0.13333333333333333,0.048367895545314905,0.24666095890410833,0.0031249999999999993,0.0012499999999999998,0.005416666666666665,80.0,15.0
overall,ALL,PI,group_BF_to_WM,0.15625,0.07041635779589821,0.2727639296187678,0.0037109375,0.0017578125,0.0060546875,80.0,16.0
overall,ALL,PI,group_BF_to_WM,0.1323529411764706,0.05555555555555555,0.23809523809523808,0.0031250000000000006,0.0012867647058823531,0.0053308823529411775,80.0,17.0
overall,ALL,PI,group_BF_to_WM,0.1527777777777778,0.07272068511198945,0.2592712842712841,0.0032986111111111124,0.0013888888888888896,0.005555555555555558,80.0,18.0
overall,ALL,PI,group_BF_to_WM,0.13157894736842105,0.05454545454545454,0.22807017543859648,0.002467105263157897,0.0009868421052631588,0.004440789473684215,80.0,19.0
overall,ALL,PI,group_BF_to_WM,0.1125,0.03772995283018868,0.21155303030303008,0.002343750000000002,0.0009375000000000008,0.004062500000000004,80.0,20.0
overall,ALL,PI,institution_HI_to_LI,0.46875,0.25,0.71875,0.00703125,0.002734375,0.012109375,80.0,8.0
overall,ALL,PI,institution_HI_to_LI,0.4722222222222222,0.23251341681574242,0.7250568181818173,0.00729166666666667,0.0031250000000000015,0.012500000000000006,80.0,9.0
overall,ALL,PI,institution_HI_to_LI,0.475,0.24524850437183618,0.7272727272727273,0.006562499999999999,0.0024999999999999996,0.011249999999999996,80.0,10.0
overall,ALL,PI,institution_HI_to_LI,0.3181818181818182,0.12195121951219512,0.5322849462365588,0.004261363636363638,0.001420454545454546,0.007954545454545457,80.0,11.0
overall,ALL,PI,institution_HI_to_LI,0.22916666666666666,0.05712938005390836,0.4339827727645608,0.0031250000000000015,0.0007812500000000004,0.006250000000000003,80.0,12.0
overall,ALL,PI,institution_HI_to_LI,0.2692307692307692,0.1111111111111111,0.4782608695652174,0.004086538461538459,0.0016826923076923065,0.0069711538461538405,80.0,13.0
overall,ALL,PI,institution_HI_to_LI,0.25,0.11764705882352941,0.41509433962264153,0.00357142857142857,0.0015624999999999992,0.005809151785714202,80.0,14.0
overall,ALL,PI,institution_HI_to_LI,0.23333333333333334,0.0967741935483871,0.4,0.003749999999999999,0.0016666666666666663,0.006249999999999999,80.0,15.0
overall,ALL,PI,institution_HI_to_LI,0.28125,0.14516129032258066,0.44680851063829785,0.0046875,0.0021484375,0.0076171875,80.0,16.0
overall,ALL,PI,institution_HI_to_LI,0.23529411764705882,0.11764705882352941,0.3725636523266021,0.003676470588235295,0.0018382352941176475,0.005882352941176472,80.0,17.0
overall,ALL,PI,institution_HI_to_LI,0.25,0.13846153846153847,0.3829875886524821,0.003645833333333335,0.001909722222222223,0.005729166666666669,80.0,18.0
overall,ALL,PI,institution_HI_to_LI,0.27631578947368424,0.1549253856472166,0.4166666666666667,0.0037828947368421088,0.0019736842105263176,0.00576069078947363,80.0,19.0
overall,ALL,PI,institution_HI_to_LI,0.2875,0.16923076923076924,0.4286129568106306,0.0037500000000000033,0.002031250000000002,0.005781250000000005,80.0,20.0
overall,ALL,PI,bibliometrics_HP_to_LP,0.59375,0.4090909090909091,0.8181818181818182,0.007421875,0.003125,0.0125,80.0,8.0
overall,ALL,PI,bibliometrics_HP_to_LP,0.5277777777777778,0.3255668604651163,0.7727272727272727,0.00729166666666667,0.0034722222222222238,0.01180555555555556,80.0,9.0
overall,ALL,PI,bibliometrics_HP_to_LP,0.55,0.36363636363636365,0.7727272727272727,0.007812499999999998,0.003749999999999999,0.012499999999999997,80.0,10.0
overall,ALL,PI,bibliometrics_HP_to_LP,0.3181818181818182,0.13233359133126935,0.5333928571428562,0.004545454545454547,0.0017045454545454551,0.007954545454545457,80.0,11.0
overall,ALL,PI,bibliometrics_HP_to_LP,0.2708333333333333,0.11764705882352941,0.4482758620689655,0.003906250000000002,0.0015625000000000007,0.006770833333333337,80.0,12.0
overall,ALL,PI,bibliometrics_HP_to_LP,0.28846153846153844,0.14,0.468101728723404,0.004086538461538459,0.0019230769230769219,0.006730769230769226,80.0,13.0
overall,ALL,PI,bibliometrics_HP_to_LP,0.3392857142857143,0.18419709989258862,0.5294117647058824,0.004687499999999998,0.002232142857142856,0.007589285714285711,80.0,14.0
overall,ALL,PI,bibliometrics_HP_to_LP,0.35,0.18666101694915255,0.5454809725158558,0.004791666666666665,0.0022916666666666662,0.007708333333333331,80.0,15.0
overall,ALL,PI,bibliometrics_HP_to_LP,0.390625,0.22033898305084745,0.5957549099836332,0.0052734375,0.0025390625,0.0083984375,80.0,16.0
overall,ALL,PI,bibliometrics_HP_to_LP,0.36764705882352944,0.20480083599704943,0.5517370046320121,0.0049632352941176485,0.002389705882352942,0.00808823529411765,80.0,17.0
overall,ALL,PI,bibliometrics_HP_to_LP,0.3611111111111111,0.19297717184527582,0.5512931034482758,0.005034722222222224,0.0024305555555555565,0.007986111111111114,80.0,18.0
overall,ALL,PI,bibliometrics_HP_to_LP,0.3684210526315789,0.2054706708816298,0.5512931034482758,0.005263157894736847,0.00279605263157895,0.008059210526315797,80.0,19.0
overall,ALL,PI,bibliometrics_HP_to_LP,0.3875,0.2277115211521152,0.5731796987087516,0.005312500000000005,0.0028125000000000025,0.008125000000000007,80.0,20.0
overall,ALL,AR,group_BF_to_WM,0.25,0.10344827586206896,0.4642857142857143,0.00390625,0.0015625,0.00625,80.0,8.0
overall,ALL,AR,group_BF_to_WM,0.25,0.11105072463768118,0.45,0.0034722222222222238,0.0013888888888888896,0.00590277777777778,80.0,9.0
overall,ALL,AR,group_BF_to_WM,0.25,0.12121212121212122,0.4286525974025962,0.003749999999999999,0.0015624999999999997,0.006249999999999999,80.0,10.0
overall,ALL,AR,group_BF_to_WM,0.20454545454545456,0.08195884911341586,0.37142857142857144,0.0031250000000000015,0.0011363636363636367,0.0053977272727272745,80.0,11.0
overall,ALL,AR,group_BF_to_WM,0.14583333333333334,0.04411764705882353,0.2954755892255889,0.002083333333333334,0.0007812500000000004,0.003906250000000002,80.0,12.0
overall,ALL,AR,group_BF_to_WM,0.17307692307692307,0.06818181818181818,0.31114583333333284,0.0028846153846153826,0.0012019230769230761,0.0048076923076923045,80.0,13.0
overall,ALL,AR,group_BF_to_WM,0.125,0.038461538461538464,0.2459016393442623,0.0020089285714285704,0.0006696428571428568,0.00357142857142857,80.0,14.0
overall,ALL,AR,group_BF_to_WM,0.11666666666666667,0.03333333333333333,0.2250201612903223,0.002083333333333333,0.0008333333333333332,0.003541666666666666,80.0,15.0
overall,ALL,AR,group_BF_to_WM,0.109375,0.032782430506058446,0.20967741935483872,0.0017578125,0.0005859375,0.0029296875,80.0,16.0
overall,ALL,AR,group_BF_to_WM,0.1323529411764706,0.05405405405405406,0.24358974358974358,0.0025735294117647063,0.0012867647058823531,0.00386029411764706,80.0,17.0
overall,ALL,AR,group_BF_to_WM,0.16666666666666666,0.075,0.27779535864978877,0.002777777777777779,0.0015625000000000007,0.00434027777777778,80.0,18.0
overall,ALL,AR,group_BF_to_WM,0.14473684210526316,0.06578408110440034,0.2465753424657534,0.002467105263157897,0.0013157894736842118,0.0037828947368421088,80.0,19.0
overall,ALL,AR,group_BF_to_WM,0.15,0.07245940282870614,0.24675324675324675,0.0026562500000000024,0.0015625000000000014,0.0039062500000000035,80.0,20.0
overall,ALL,AR,institution_HI_to_LI,0.28125,0.08823529411764706,0.5517241379310345,0.0046875,0.0015625,0.00859375,80.0,8.0
overall,ALL,AR,institution_HI_to_LI,0.2777777777777778,0.09523809523809523,0.5172733077905487,0.004166666666666668,0.0013888888888888896,0.007638888888888892,80.0,9.0
overall,ALL,AR,institution_HI_to_LI,0.275,0.10526315789473684,0.5143073593073589,0.003749999999999999,0.0015624999999999997,0.006562499999999999,80.0,10.0
overall,ALL,AR,institution_HI_to_LI,0.29545454545454547,0.12,0.5135135135135135,0.004545454545454547,0.0019886363636363643,0.007670454545454548,80.0,11.0
overall,ALL,AR,institution_HI_to_LI,0.2708333333333333,0.11764705882352941,0.4637810559006209,0.003906250000000002,0.0015625000000000007,0.0065104166666666696,80.0,12.0
overall,ALL,AR,institution_HI_to_LI,0.17307692307692307,0.06120902906617193,0.3235294117647059,0.0028846153846153826,0.0012019230769230761,0.0048076923076923045,80.0,13.0
overall,ALL,AR,institution_HI_to_LI,0.14285714285714285,0.05331578947368422,0.27420145477545843,0.0026785714285714273,0.001116071428571428,0.004687499999999998,80.0,14.0
overall,ALL,AR,institution_HI_to_LI,0.15,0.059992537313432834,0.2857142857142857,0.0027083333333333326,0.0012499999999999998,0.0045833333333333325,80.0,15.0
overall,ALL,AR,institution_HI_to_LI,0.171875,0.08064516129032258,0.29545454545454547,0.003125,0.0013671875,0.005083007812499929,80.0,16.0
overall,ALL,AR,institution_HI_to_LI,0.19117647058823528,0.09876108502869066,0.32,0.00349264705882353,0.0018382352941176475,0.0053308823529411775,80.0,17.0
overall,ALL,AR,institution_HI_to_LI,0.16666666666666666,0.0759493670886076,0.2972972972972973,0.0031250000000000015,0.0013888888888888896,0.005208333333333336,80.0,18.0
overall,ALL,AR,institution_HI_to_LI,0.15789473684210525,0.07692307692307693,0.2727272727272727,0.0031250000000000028,0.0016447368421052648,0.004934210526315794,80.0,19.0
overall,ALL,AR,institution_HI_to_LI,0.1625,0.08108108108108109,0.2702702702702703,0.003281250000000003,0.0017187500000000015,0.005156250000000005,80.0,20.0
overall,ALL,AR,bibliometrics_HP_to_LP,0.28125,0.11764705882352941,0.5333333333333333,0.004296875,0.0015625,0.007421875,80.0,8.0
overall,ALL,AR,bibliometrics_HP_to_LP,0.3055555555555556,0.125,0.5666666666666667,0.004166666666666668,0.0013888888888888896,0.00729166666666667,80.0,9.0
overall,ALL,AR,bibliometrics_HP_to_LP,0.325,0.1457589285714286,0.5789473684210527,0.004374999999999999,0.0018749999999999995,0.007499999999999998,80.0,10.0
overall,ALL,AR,bibliometrics_HP_to_LP,0.36363636363636365,0.1875,0.5882730015082951,0.004829545454545456,0.0022727272727272735,0.007670454545454548,80.0,11.0
overall,ALL,AR,bibliometrics_HP_to_LP,0.3541666666666667,0.171875,0.5833726415094335,0.004687500000000002,0.002083333333333334,0.007812500000000003,80.0,12.0
overall,ALL,AR,bibliometrics_HP_to_LP,0.36538461538461536,0.17647058823529413,0.5909322820037103,0.00504807692307692,0.002163461538461537,0.008653846153846147,80.0,13.0
overall,ALL,AR,bibliometrics_HP_to_LP,0.39285714285714285,0.2,0.6153846153846154,0.005803571428571426,0.0026785714285714273,0.009374999999999996,80.0,14.0
overall,ALL,AR,bibliometrics_HP_to_LP,0.35,0.17304687500000002,0.5517468239564425,0.004999999999999999,0.002083333333333333,0.008333333333333331,80.0,15.0
overall,ALL,AR,bibliometrics_HP_to_LP,0.25,0.10388490819525303,0.43104293441514524,0.003515625,0.0013671875,0.005859375,80.0,16.0
overall,ALL,AR,bibliometrics_HP_to_LP,0.2647058823529412,0.12790079168728352,0.4426288056206088,0.00386029411764706,0.0018382352941176475,0.006250000000000001,80.0,17.0
overall,ALL,AR,bibliometrics_HP_to_LP,0.2222222222222222,0.0985857769568229,0.38461538461538464,0.0031250000000000015,0.0013888888888888896,0.005208333333333336,80.0,18.0
overall,ALL,AR,bibliometrics_HP_to_LP,0.23684210526315788,0.11339719898852363,0.39287177985948457,0.0032894736842105296,0.0016447368421052648,0.005263157894736847,80.0,19.0
overall,ALL,AR,bibliometrics_HP_to_LP,0.25,0.12280287984111221,0.41538961038961036,0.003593750000000003,0.0018750000000000017,0.005625000000000005,80.0,20.0
domain,BIO,QI,group_BF_to_WM,0.0625,0.0,0.2,0.003125,0.0,0.009375,20.0,4.0
domain,BIO,QI,group_BF_to_WM,0.25,0.07692307692307693,0.6363636363636364,0.017499999999999995,0.004999999999999999,0.029999999999999992,20.0,5.0
domain,BIO,QI,group_BF_to_WM,0.16666666666666666,0.04,0.4,0.014583333333333332,0.004166666666666666,0.027083333333333327,20.0,6.0
domain,BIO,QI,group_BF_to_WM,0.14285714285714285,0.0,0.35294117647058826,0.01428571428571429,0.0017857142857142863,0.02857142857142858,20.0,7.0
domain,BIO,QI,group_BF_to_WM,0.125,0.02857142857142857,0.2692307692307692,0.009375,0.0015625,0.01875,20.0,8.0
domain,BIO,QI,institution_HI_to_LI,0.0,0.0,0.0,0.0,0.0,0.0,20.0,4.0
domain,BIO,QI,institution_HI_to_LI,0.1,0.0,0.3333333333333333,0.014999999999999996,0.004999999999999999,0.02749999999999999,20.0,5.0
domain,BIO,QI,institution_HI_to_LI,0.16666666666666666,0.0,0.3888888888888889,0.014583333333333332,0.004166666666666666,0.029166666666666657,20.0,6.0
domain,BIO,QI,institution_HI_to_LI,0.21428571428571427,0.047619047619047616,0.421103238866396,0.01428571428571429,0.0035714285714285726,0.026785714285714295,20.0,7.0
domain,BIO,QI,institution_HI_to_LI,0.25,0.0967741935483871,0.4616071428571419,0.01875,0.0078125,0.03125,20.0,8.0
domain,BIO,QI,bibliometrics_HP_to_LP,0.0625,0.0,0.3333333333333333,0.00625,0.0,0.015625,20.0,4.0
domain,BIO,QI,bibliometrics_HP_to_LP,0.1,0.0,0.3,0.004999999999999999,0.0,0.012499999999999997,20.0,5.0
domain,BIO,QI,bibliometrics_HP_to_LP,0.20833333333333334,0.0,0.5,0.012499999999999997,0.002083333333333333,0.024999999999999994,20.0,6.0
domain,BIO,QI,bibliometrics_HP_to_LP,0.25,0.05714285714285714,0.5,0.017857142857142863,0.007098214285714303,0.03035714285714287,20.0,7.0
domain,BIO,QI,bibliometrics_HP_to_LP,0.28125,0.08333333333333333,0.5625,0.01875,0.00625,0.0359375,20.0,8.0
domain,BIO,PI,group_BF_to_WM,0.1875,0.0,0.5,0.009375,0.0,0.01875,20.0,4.0
domain,BIO,PI,group_BF_to_WM,0.1,0.0,0.25,0.004999999999999999,0.0,0.012499999999999997,20.0,5.0
domain,BIO,PI,group_BF_to_WM,0.125,0.0,0.42857142857142855,0.008333333333333331,0.0,0.018749999999999996,20.0,6.0
domain,BIO,PI,group_BF_to_WM,0.14285714285714285,0.0,0.39303571428571166,0.007142857142857145,0.0,0.016071428571428577,20.0,7.0
domain,BIO,PI,group_BF_to_WM,0.15625,0.0,0.36363636363636365,0.0125,0.003125,0.0234375,20.0,8.0
domain,BIO,PI,institution_HI_to_LI,0.3125,0.0,0.5,0.015625,0.0,0.034375,20.0,4.0
domain,BIO,PI,institution_HI_to_LI,0.25,0.08333333333333333,0.4166666666666667,0.012499999999999997,0.0024999999999999996,0.024999999999999994,20.0,5.0
domain,BIO,PI,institution_HI_to_LI,0.20833333333333334,0.0,0.5,0.010416666666666664,0.0,0.02291666666666666,20.0,6.0
domain,BIO,PI,institution_HI_to_LI,0.14285714285714285,0.0,0.47058823529411764,0.007142857142857145,0.0,0.021428571428571436,20.0,7.0
domain,BIO,PI,institution_HI_to_LI,0.15625,0.03125,0.3333333333333333,0.0109375,0.003125,0.0203125,20.0,8.0
domain,BIO,PI,bibliometrics_HP_to_LP,0.5625,0.2,1.0,0.028125,0.003125,0.05625,20.0,4.0
domain,BIO,PI,bibliometrics_HP_to_LP,0.4,0.16666666666666666,0.6666666666666666,0.022499999999999996,0.004999999999999999,0.042499999999999996,20.0,5.0
domain,BIO,PI,bibliometrics_HP_to_LP,0.20833333333333334,0.045454545454545456,0.47830434782608633,0.010416666666666664,0.002083333333333333,0.02083333333333333,20.0,6.0
domain,BIO,PI,bibliometrics_HP_to_LP,0.25,0.06976744186046512,0.5555555555555556,0.012500000000000006,0.0035714285714285726,0.023214285714285722,20.0,7.0
domain,BIO,PI,bibliometrics_HP_to_LP,0.21875,0.05555555555555555,0.5,0.0109375,0.003125,0.0203125,20.0,8.0
domain,BIO,AR,group_BF_to_WM,0.25,0.0,0.5714285714285714,0.015625,0.003125,0.03125,20.0,4.0
domain,BIO,AR,group_BF_to_WM,0.25,0.05,0.5,0.017499999999999995,0.004999999999999999,0.032499999999999994,20.0,5.0
domain,BIO,AR,group_BF_to_WM,0.25,0.07692307692307693,0.4666666666666667,0.018749999999999996,0.008333333333333331,0.031249999999999993,20.0,6.0
domain,BIO,AR,group_BF_to_WM,0.25,0.08,0.4583333333333333,0.017857142857142863,0.007142857142857145,0.02857142857142858,20.0,7.0
domain,BIO,AR,group_BF_to_WM,0.1875,0.05555555555555555,0.37151785714285585,0.0109375,0.003125,0.0203125,20.0,8.0
domain,BIO,AR,institution_HI_to_LI,0.0625,0.0,0.2727272727272727,0.0125,0.003125,0.025,20.0,4.0
domain,BIO,AR,institution_HI_to_LI,0.2,0.0,0.5,0.017499999999999995,0.004999999999999999,0.032499999999999994,20.0,5.0
domain,BIO,AR,institution_HI_to_LI,0.2916666666666667,0.09673579109062981,0.5333928571428562,0.031249999999999993,0.016666666666666663,0.04791666666666665,20.0,6.0
domain,BIO,AR,institution_HI_to_LI,0.25,0.07692307692307693,0.48427419354838125,0.025000000000000012,0.012500000000000006,0.03750000000000001,20.0,7.0
domain,BIO,AR,institution_HI_to_LI,0.21875,0.0625,0.4375,0.0171875,0.00625,0.0296875,20.0,8.0
domain,BIO,AR,bibliometrics_HP_to_LP,0.375,0.07692307692307693,0.8,0.01875,0.003125,0.040625,20.0,4.0
domain,BIO,AR,bibliometrics_HP_to_LP,0.35,0.0,0.7391304347826086,0.019999999999999997,0.0024999999999999996,0.039999999999999994,20.0,5.0
domain,BIO,AR,bibliometrics_HP_to_LP,0.3333333333333333,0.0,0.6666666666666666,0.02083333333333333,0.002083333333333333,0.04374999999999999,20.0,6.0
domain,BIO,AR,bibliometrics_HP_to_LP,0.32142857142857145,0.1,0.5789473684210527,0.01964285714285715,0.005357142857142859,0.035714285714285726,20.0,7.0
domain,BIO,AR,bibliometrics_HP_to_LP,0.28125,0.08565476190476193,0.5172413793103449,0.0140625,0.003125,0.028125,20.0,8.0
domain,CS,QI,group_BF_to_WM,0.25,0.0,0.6153846153846154,0.01875,0.0,0.04375,20.0,4.0
domain,CS,QI,group_BF_to_WM,0.05,0.0,0.15384615384615385,0.007499999999999998,0.0,0.014999999999999996,20.0,5.0
domain,CS,QI,group_BF_to_WM,0.041666666666666664,0.0,0.125,0.004166666666666666,0.0,0.010416666666666664,20.0,6.0
domain,CS,QI,group_BF_to_WM,0.03571428571428571,0.0,0.13333333333333333,0.007142857142857145,0.0,0.016071428571428577,20.0,7.0
domain,CS,QI,group_BF_to_WM,0.0625,0.0,0.16666666666666666,0.00625,0.0,0.0140625,20.0,8.0
domain,CS,QI,institution_HI_to_LI,0.0625,0.0,0.3,0.0125,0.0,0.034375,20.0,4.0
domain,CS,QI,institution_HI_to_LI,0.1,0.0,0.25,0.012499999999999997,0.0,0.02749999999999999,20.0,5.0
domain,CS,QI,institution_HI_to_LI,0.125,0.0,0.29411764705882354,0.008333333333333331,0.002083333333333333,0.016666666666666663,20.0,6.0
domain,CS,QI,institution_HI_to_LI,0.10714285714285714,0.0,0.3076923076923077,0.007142857142857145,0.0,0.016071428571428577,20.0,7.0
domain,CS,QI,institution_HI_to_LI,0.0625,0.0,0.21621621621621623,0.00625,0.0,0.015625,20.0,8.0
domain,CS,QI,bibliometrics_HP_to_LP,0.4375,0.0,0.7142857142857143,0.028125,0.00625,0.05625,20.0,4.0
domain,CS,QI,bibliometrics_HP_to_LP,0.2,0.0,0.5,0.009999999999999998,0.0,0.024999999999999994,20.0,5.0
domain,CS,QI,bibliometrics_HP_to_LP,0.125,0.0,0.25,0.006249999999999999,0.0,0.012499999999999997,20.0,6.0
domain,CS,QI,bibliometrics_HP_to_LP,0.10714285714285714,0.0,0.2222222222222222,0.005357142857142859,0.0,0.010714285714285718,20.0,7.0
domain,CS,QI,bibliometrics_HP_to_LP,0.0625,0.0,0.14814814814814814,0.0046875,0.0,0.009375,20.0,8.0
domain,CS,PI,group_BF_to_WM,0.125,0.0,0.3333333333333333,0.0125,0.003125,0.025,20.0,4.0
domain,CS,PI,group_BF_to_WM,0.0,0.0,0.0,0.0,0.0,0.0,20.0,5.0
domain,CS,PI,group_BF_to_WM,0.041666666666666664,0.0,0.125,0.002083333333333333,0.0,0.006249999999999999,20.0,6.0
domain,CS,PI,group_BF_to_WM,0.07142857142857142,0.0,0.23809523809523808,0.005357142857142859,0.0,0.01428571428571429,20.0,7.0
domain,CS,PI,group_BF_to_WM,0.125,0.0,0.3182272727272721,0.0078125,0.0015625,0.015625,20.0,8.0
domain,CS,PI,institution_HI_to_LI,0.625,0.375,1.0,0.0375,0.009375,0.06875,20.0,4.0
domain,CS,PI,institution_HI_to_LI,0.3,0.25,0.4166666666666667,0.014999999999999996,0.004999999999999999,0.02749999999999999,20.0,5.0
domain,CS,PI,institution_HI_to_LI,0.08333333333333333,0.0,0.25925925925925924,0.006249999999999999,0.0,0.016666666666666663,20.0,6.0
domain,CS,PI,institution_HI_to_LI,0.14285714285714285,0.0,0.42857142857142855,0.007142857142857145,0.0,0.01964285714285715,20.0,7.0
domain,CS,PI,institution_HI_to_LI,0.1875,0.034482758620689655,0.4401111111111095,0.0109375,0.003125,0.021875,20.0,8.0
domain,CS,PI,bibliometrics_HP_to_LP,0.3125,0.0,0.782936507936505,0.015625,0.0,0.0375,20.0,4.0
domain,CS,PI,bibliometrics_HP_to_LP,0.1,0.0,0.25,0.004999999999999999,0.0,0.012499999999999997,20.0,5.0
domain,CS,PI,bibliometrics_HP_to_LP,0.08333333333333333,0.0,0.2631578947368421,0.006249999999999999,0.0,0.016666666666666663,20.0,6.0
domain,CS,PI,bibliometrics_HP_to_LP,0.14285714285714285,0.0,0.5,0.007142857142857145,0.0,0.021428571428571436,20.0,7.0
domain,CS,PI,bibliometrics_HP_to_LP,0.21875,0.034482758620689655,0.5,0.0109375,0.0015625,0.0234375,20.0,8.0
domain,CS,AR,group_BF_to_WM,0.0625,0.0,0.1875,0.003125,0.0,0.009375,20.0,4.0
domain,CS,AR,group_BF_to_WM,0.05,0.0,0.15384615384615385,0.0024999999999999996,0.0,0.007499999999999998,20.0,5.0
domain,CS,AR,group_BF_to_WM,0.0,0.0,0.0,0.0,0.0,0.0,20.0,6.0
domain,CS,AR,group_BF_to_WM,0.03571428571428571,0.0,0.13333333333333333,0.0017857142857142863,0.0,0.005357142857142859,20.0,7.0
domain,CS,AR,group_BF_to_WM,0.0625,0.0,0.17857142857142858,0.00625,0.0,0.0140625,20.0,8.0
domain,CS,AR,institution_HI_to_LI,0.1875,0.0,0.631578947368421,0.0125,0.0,0.034375,20.0,4.0
domain,CS,AR,institution_HI_to_LI,0.15,0.0,0.5,0.009999999999999998,0.0,0.02749999999999999,20.0,5.0
domain,CS,AR,institution_HI_to_LI,0.041666666666666664,0.0,0.125,0.002083333333333333,0.0,0.006249999999999999,20.0,6.0
domain,CS,AR,institution_HI_to_LI,0.03571428571428571,0.0,0.15,0.0017857142857142863,0.0,0.005357142857142859,20.0,7.0
domain,CS,AR,institution_HI_to_LI,0.09375,0.0,0.25,0.0046875,0.0,0.0125,20.0,8.0
domain,CS,AR,bibliometrics_HP_to_LP,0.0625,0.0,0.2,0.003125,0.0,0.009375,20.0,4.0
domain,CS,AR,bibliometrics_HP_to_LP,0.05,0.0,0.15384615384615385,0.0024999999999999996,0.0,0.007499999999999998,20.0,5.0
domain,CS,AR,bibliometrics_HP_to_LP,0.08333333333333333,0.0,0.2857142857142857,0.004166666666666666,0.0,0.010416666666666664,20.0,6.0
domain,CS,AR,bibliometrics_HP_to_LP,0.17857142857142858,0.0,0.5,0.010714285714285718,0.0,0.025000000000000005,20.0,7.0
domain,CS,AR,bibliometrics_HP_to_LP,0.15625,0.0,0.3809873949579827,0.009375,0.0015625,0.01875,20.0,8.0
domain,MATH,QI,group_BF_to_WM,0.25,0.0,0.625,0.028125,0.009375,0.053125,20.0,4.0
domain,MATH,QI,group_BF_to_WM,0.15,0.0,0.29411764705882354,0.019999999999999997,0.007499999999999998,0.032499999999999994,20.0,5.0
domain,MATH,QI,group_BF_to_WM,0.20833333333333334,0.05,0.42857142857142855,0.02291666666666666,0.010416666666666664,0.03749999999999999,20.0,6.0
domain,MATH,QI,group_BF_to_WM,0.17857142857142858,0.037037037037037035,0.3913431677018628,0.017857142857142867,0.007142857142857145,0.02857142857142858,20.0,7.0
domain,MATH,QI,group_BF_to_WM,0.21875,0.058823529411764705,0.45714285714285713,0.0203125,0.0078125,0.034375,20.0,8.0
domain,MATH,QI,institution_HI_to_LI,0.375,0.15384615384615385,0.8,0.025,0.009375,0.04375,20.0,4.0
domain,MATH,QI,institution_HI_to_LI,0.3,0.06666666666666667,0.6,0.019999999999999997,0.004999999999999999,0.03749999999999999,20.0,5.0
domain,MATH,QI,institution_HI_to_LI,0.2916666666666667,0.1,0.5555555555555556,0.018749999999999996,0.006249999999999999,0.03541666666666666,20.0,6.0
domain,MATH,QI,institution_HI_to_LI,0.17857142857142858,0.04,0.3888888888888889,0.012500000000000006,0.0035714285714285726,0.021428571428571436,20.0,7.0
domain,MATH,QI,institution_HI_to_LI,0.15625,0.05405405405405406,0.2903225806451613,0.009375,0.003125,0.015625,20.0,8.0
domain,MATH,QI,bibliometrics_HP_to_LP,0.375,0.07142857142857142,0.8333333333333334,0.028125,0.00625,0.053125,20.0,4.0
domain,MATH,QI,bibliometrics_HP_to_LP,0.35,0.15,0.625,0.022499999999999996,0.009999999999999998,0.03749999999999999,20.0,5.0
domain,MATH,QI,bibliometrics_HP_to_LP,0.3333333333333333,0.13039971949509116,0.625,0.02083333333333333,0.008333333333333331,0.03541666666666666,20.0,6.0
domain,MATH,QI,bibliometrics_HP_to_LP,0.25,0.075,0.5,0.016071428571428577,0.005357142857142859,0.02857142857142858,20.0,7.0
domain,MATH,QI,bibliometrics_HP_to_LP,0.1875,0.03125,0.44002941176470545,0.009375,0.0015625,0.01875,20.0,8.0
domain,MATH,PI,group_BF_to_WM,0.125,0.0,0.42857142857142855,0.01875,0.003125,0.0375,20.0,4.0
domain,MATH,PI,group_BF_to_WM,0.1,0.0,0.3,0.022499999999999996,0.0,0.04999999999999999,20.0,5.0
domain,MATH,PI,group_BF_to_WM,0.041666666666666664,0.0,0.14285714285714285,0.010416666666666664,0.0,0.024999999999999994,20.0,6.0
domain,MATH,PI,group_BF_to_WM,0.07142857142857142,0.0,0.21052631578947367,0.005357142857142859,0.0,0.010714285714285718,20.0,7.0
domain,MATH,PI,group_BF_to_WM,0.09375,0.0,0.32142857142857145,0.0046875,0.0,0.0140625,20.0,8.0
domain,MATH,PI,institution_HI_to_LI,0.125,0.0,0.3333333333333333,0.009375,0.0,0.01875,20.0,4.0
domain,MATH,PI,institution_HI_to_LI,0.25,0.0,0.6363636363636364,0.017499999999999995,0.0,0.039999999999999994,20.0,5.0
domain,MATH,PI,institution_HI_to_LI,0.3333333333333333,0.07142857142857142,0.6666666666666666,0.018749999999999996,0.002083333333333333,0.039583333333333325,20.0,6.0
domain,MATH,PI,institution_HI_to_LI,0.07142857142857142,0.0,0.16666666666666666,0.0035714285714285726,0.0,0.008928571428571432,20.0,7.0
domain,MATH,PI,institution_HI_to_LI,0.0625,0.0,0.18181818181818182,0.003125,0.0,0.0078125,20.0,8.0
domain,MATH,PI,bibliometrics_HP_to_LP,0.3125,0.0,1.0,0.015625,0.0,0.034375,20.0,4.0
domain,MATH,PI,bibliometrics_HP_to_LP,0.4,0.13636363636363635,0.8580357142857175,0.019999999999999997,0.004999999999999999,0.03749999999999999,20.0,5.0
domain,MATH,PI,bibliometrics_HP_to_LP,0.375,0.06666666666666667,0.7333333333333333,0.018749999999999996,0.002083333333333333,0.03749999999999999,20.0,6.0
domain,MATH,PI,bibliometrics_HP_to_LP,0.21428571428571427,0.05,0.375,0.010714285714285718,0.0017857142857142863,0.021428571428571436,20.0,7.0
domain,MATH,PI,bibliometrics_HP_to_LP,0.15625,0.0,0.4,0.0078125,0.0,0.01875,20.0,8.0
domain,MATH,AR,group_BF_to_WM,0.25,0.0,0.4444444444444444,0.015625,0.0,0.034375,20.0,4.0
domain,MATH,AR,group_BF_to_WM,0.1,0.0,0.3333333333333333,0.004999999999999999,0.0,0.012499999999999997,20.0,5.0
domain,MATH,AR,group_BF_to_WM,0.125,0.0,0.3,0.008333333333333331,0.002083333333333333,0.016666666666666663,20.0,6.0
domain,MATH,AR,group_BF_to_WM,0.10714285714285714,0.0,0.25,0.007142857142857145,0.0017857142857142863,0.01428571428571429,20.0,7.0
domain,MATH,AR,group_BF_to_WM,0.03125,0.0,0.10526315789473684,0.0046875,0.0,0.0125,20.0,8.0
domain,MATH,AR,institution_HI_to_LI,0.25,0.06666666666666667,0.5833333333333334,0.025,0.003125,0.05,20.0,4.0
domain,MATH,AR,institution_HI_to_LI,0.2,0.043478260869565216,0.545707070707067,0.017499999999999995,0.004999999999999999,0.029999999999999992,20.0,5.0
domain,MATH,AR,institution_HI_to_LI,0.16666666666666666,0.0,0.4666666666666667,0.014583333333333332,0.0,0.03541666666666666,20.0,6.0
domain,MATH,AR,institution_HI_to_LI,0.21428571428571427,0.06060606060606061,0.4583333333333333,0.01428571428571429,0.0035714285714285726,0.02857142857142858,20.0,7.0
domain,MATH,AR,institution_HI_to_LI,0.0625,0.0,0.1765231092436967,0.00625,0.0,0.0140625,20.0,8.0
domain,MATH,AR,bibliometrics_HP_to_LP,0.375,0.09090909090909091,0.8,0.025,0.003125,0.05625,20.0,4.0
domain,MATH,AR,bibliometrics_HP_to_LP,0.2,0.05128205128205128,0.45454545454545453,0.012499999999999997,0.0024999999999999996,0.022499999999999996,20.0,5.0
domain,MATH,AR,bibliometrics_HP_to_LP,0.08333333333333333,0.0,0.23529411764705882,0.004166666666666666,0.0,0.010416666666666664,20.0,6.0
domain,MATH,AR,bibliometrics_HP_to_LP,0.17857142857142858,0.03225806451612903,0.4,0.008928571428571432,0.0017857142857142863,0.017857142857142867,20.0,7.0
domain,MATH,AR,bibliometrics_HP_to_LP,0.21875,0.07692307692307693,0.4074074074074074,0.0109375,0.003125,0.01875,20.0,8.0
domain,PHY,QI,group_BF_to_WM,0.3125,0.06666666666666667,0.75,0.015625,0.003125,0.03125,20.0,4.0
domain,PHY,QI,group_BF_to_WM,0.15,0.0,0.3847222222222207,0.014999999999999996,0.0024999999999999996,0.029999999999999992,20.0,5.0
domain,PHY,QI,group_BF_to_WM,0.16666666666666666,0.0,0.4,0.014583333333333332,0.002083333333333333,0.031249999999999993,20.0,6.0
domain,PHY,QI,group_BF_to_WM,0.14285714285714285,0.0,0.321457373271889,0.012500000000000006,0.0035714285714285726,0.025000000000000012,20.0,7.0
domain,PHY,QI,group_BF_to_WM,0.09375,0.0,0.21739130434782608,0.0125,0.003125,0.0234375,20.0,8.0
domain,PHY,QI,institution_HI_to_LI,0.4375,0.07394179894179895,1.0,0.028125,0.009375,0.053125,20.0,4.0
domain,PHY,QI,institution_HI_to_LI,0.45,0.14285714285714285,0.875,0.03749999999999999,0.014999999999999996,0.06256249999999908,20.0,5.0
domain,PHY,QI,institution_HI_to_LI,0.3333333333333333,0.0,0.6818181818181818,0.031249999999999993,0.012499999999999997,0.05208333333333333,20.0,6.0
domain,PHY,QI,institution_HI_to_LI,0.17857142857142858,0.0,0.4117647058823529,0.01428571428571429,0.0035714285714285726,0.02857142857142858,20.0,7.0
domain,PHY,QI,institution_HI_to_LI,0.21875,0.038461538461538464,0.4243506493506478,0.015625,0.0046875,0.0296875,20.0,8.0
domain,PHY,QI,bibliometrics_HP_to_LP,0.3125,0.0,0.75,0.015625,0.0,0.0375,20.0,4.0
domain,PHY,QI,bibliometrics_HP_to_LP,0.35,0.08333333333333333,0.6666666666666666,0.019999999999999997,0.0024999999999999996,0.039999999999999994,20.0,5.0
domain,PHY,QI,bibliometrics_HP_to_LP,0.3333333333333333,0.058823529411764705,0.6190476190476191,0.018749999999999996,0.002083333333333333,0.039583333333333325,20.0,6.0
domain,PHY,QI,bibliometrics_HP_to_LP,0.21428571428571427,0.03571428571428571,0.48573359073359046,0.01428571428571429,0.0035714285714285726,0.032142857142857154,20.0,7.0
domain,PHY,QI,bibliometrics_HP_to_LP,0.25,0.08569908814589666,0.4782608695652174,0.0171875,0.00625,0.0296875,20.0,8.0
domain,PHY,PI,group_BF_to_WM,0.3125,0.09523809523809523,0.6153846153846154,0.01875,0.00625,0.034375,20.0,4.0
domain,PHY,PI,group_BF_to_WM,0.25,0.0,0.5555555555555556,0.017499999999999995,0.0024999999999999996,0.03499999999999999,20.0,5.0
domain,PHY,PI,group_BF_to_WM,0.20833333333333334,0.0,0.421103238866396,0.018749999999999996,0.004166666666666666,0.03749999999999999,20.0,6.0
domain,PHY,PI,group_BF_to_WM,0.17857142857142858,0.034482758620689655,0.388949275362318,0.01428571428571429,0.0035714285714285726,0.026785714285714295,20.0,7.0
domain,PHY,PI,group_BF_to_WM,0.1875,0.05714285714285714,0.3667105263157888,0.0125,0.0046875,0.0203125,20.0,8.0
domain,PHY,PI,institution_HI_to_LI,0.4375,0.16666666666666666,0.8461538461538461,0.025,0.00625,0.05,20.0,4.0
domain,PHY,PI,institution_HI_to_LI,0.4,0.18744212962962964,0.7,0.019999999999999997,0.007499999999999998,0.03499999999999999,20.0,5.0
domain,PHY,PI,institution_HI_to_LI,0.5,0.26666666666666666,0.7857142857142857,0.024999999999999994,0.008333333333333331,0.04171874999999924,20.0,6.0
domain,PHY,PI,institution_HI_to_LI,0.39285714285714285,0.16,0.68,0.023214285714285722,0.008928571428571432,0.0392857142857143,20.0,7.0
domain,PHY,PI,institution_HI_to_LI,0.375,0.14285714285714285,0.642914746543778,0.021875,0.0078125,0.0390625,20.0,8.0
domain,PHY,PI,bibliometrics_HP_to_LP,0.5625,0.25,1.0,0.034375,0.0125,0.059375,20.0,4.0
domain,PHY,PI,bibliometrics_HP_to_LP,0.5,0.15,0.8947368421052632,0.024999999999999994,0.004999999999999999,0.05249999999999999,20.0,5.0
domain,PHY,PI,bibliometrics_HP_to_LP,0.5,0.2,0.8666666666666667,0.024999999999999994,0.008333333333333331,0.04583333333333332,20.0,6.0
domain,PHY,PI,bibliometrics_HP_to_LP,0.5357142857142857,0.2646671826625387,0.8571428571428571,0.02857142857142858,0.012500000000000006,0.04821428571428573,20.0,7.0
domain,PHY,PI,bibliometrics_HP_to_LP,0.46875,0.23684210526315788,0.75,0.0234375,0.009375,0.0390625,20.0,8.0
domain,PHY,AR,group_BF_to_WM,0.1875,0.0,0.5384615384615384,0.0125,0.0,0.028125,20.0,4.0
domain,PHY,AR,group_BF_to_WM,0.25,0.0,0.5555555555555556,0.012499999999999997,0.0,0.02749999999999999,20.0,5.0
domain,PHY,AR,group_BF_to_WM,0.25,0.0,0.5385654885654889,0.012499999999999997,0.0,0.029166666666666664,20.0,6.0
domain,PHY,AR,group_BF_to_WM,0.14285714285714285,0.0,0.32,0.007142857142857145,0.0,0.016071428571428577,20.0,7.0
domain,PHY,AR,group_BF_to_WM,0.0625,0.0,0.1795454545454537,0.003125,0.0,0.0078125,20.0,8.0
domain,PHY,AR,institution_HI_to_LI,0.1875,0.0,0.5294117647058824,0.009375,0.0,0.025,20.0,4.0
domain,PHY,AR,institution_HI_to_LI,0.1,0.0,0.2857142857142857,0.004999999999999999,0.0,0.012499999999999997,20.0,5.0
domain,PHY,AR,institution_HI_to_LI,0.16666666666666666,0.0,0.4,0.012499999999999997,0.0,0.029166666666666664,20.0,6.0
domain,PHY,AR,institution_HI_to_LI,0.10714285714285714,0.0,0.2962962962962963,0.007142857142857145,0.0,0.017857142857142863,20.0,7.0
domain,PHY,AR,institution_HI_to_LI,0.03125,0.0,0.1111111111111111,0.0015625,0.0,0.0046875,20.0,8.0
domain,PHY,AR,bibliometrics_HP_to_LP,0.375,0.0,0.8333333333333334,0.01875,0.0,0.04375,20.0,4.0
domain,PHY,AR,bibliometrics_HP_to_LP,0.35,0.0,0.7728535353535335,0.017499999999999995,0.0,0.03756249999999908,20.0,5.0
domain,PHY,AR,bibliometrics_HP_to_LP,0.2916666666666667,0.0,0.6428571428571429,0.014583333333333332,0.0,0.031249999999999993,20.0,6.0
domain,PHY,AR,bibliometrics_HP_to_LP,0.25,0.0,0.5454545454545454,0.012500000000000006,0.0,0.030357142857142867,20.0,7.0
domain,PHY,AR,bibliometrics_HP_to_LP,0.0625,0.0,0.2,0.003125,0.0,0.009375,20.0,8.0
